order_item_id,order_id,product_id,quantity,unit_price,line_total
ITEM00001_1,ORD00001,PROD0153,4,38.1,152.4
ITEM00001_2,ORD00001,PROD0040,2,101.55,203.1
ITEM00002_1,ORD00002,PROD0114,5,319.3,1596.5
ITEM00002_2,ORD00002,PROD0073,4,45.21,180.84
ITEM00003_1,ORD00003,PROD0095,5,90.78,453.9
ITEM00003_2,ORD00003,PROD0113,4,186.94,747.76
ITEM00004_1,ORD00004,PROD0155,2,234.54,469.08
ITEM00004_2,ORD00004,PROD0065,1,137.41,137.41
ITEM00005_1,ORD00005,PROD0032,3,350.92,1052.76
ITEM00005_2,ORD00005,PROD0022,2,336.61,673.22
ITEM00005_3,ORD00005,PROD0070,4,192.64,770.56
ITEM00005_4,ORD00005,PROD0132,2,247.5,495.0
ITEM00005_5,ORD00005,PROD0112,1,158.54,158.54
ITEM00006_1,ORD00006,PROD0102,5,59.43,297.15
ITEM00007_1,ORD00007,PROD0008,3,306.39,919.17
ITEM00007_2,ORD00007,PROD0026,3,392.49,1177.47
ITEM00008_1,ORD00008,PROD0195,4,46.44,185.76
ITEM00008_2,ORD00008,PROD0115,5,291.12,1455.6
ITEM00009_1,ORD00009,PROD0187,5,138.57,692.85
ITEM00009_2,ORD00009,PROD0136,4,37.13,148.52
ITEM00009_3,ORD00009,PROD0029,3,160.56,481.68
ITEM00009_4,ORD00009,PROD0061,3,274.32,822.96
ITEM00009_5,ORD00009,PROD0032,1,350.92,350.92
ITEM00010_1,ORD00010,PROD0029,4,160.56,642.24
ITEM00011_1,ORD00011,PROD0110,1,67.84,67.84
ITEM00011_2,ORD00011,PROD0158,3,44.36,133.08
ITEM00011_3,ORD00011,PROD0062,5,255.01,1275.05
ITEM00012_1,ORD00012,PROD0018,5,301.04,1505.2
ITEM00012_2,ORD00012,PROD0140,5,242.52,1212.6
ITEM00012_3,ORD00012,PROD0130,5,339.6,1698.0
ITEM00013_1,ORD00013,PROD0065,1,137.41,137.41
ITEM00013_2,ORD00013,PROD0092,1,388.72,388.72
ITEM00013_3,ORD00013,PROD0089,2,361.65,723.3
ITEM00014_1,ORD00014,PROD0087,2,94.73,189.46
ITEM00014_2,ORD00014,PROD0200,4,310.63,1242.52
ITEM00014_3,ORD00014,PROD0179,4,135.39,541.56
ITEM00014_4,ORD00014,PROD0162,2,209.08,418.16
ITEM00014_5,ORD00014,PROD0035,1,193.09,193.09
ITEM00015_1,ORD00015,PROD0081,3,398.4,1195.2
ITEM00016_1,ORD00016,PROD0074,3,219.25,657.75
ITEM00016_2,ORD00016,PROD0200,1,310.63,310.63
ITEM00017_1,ORD00017,PROD0191,4,387.39,1549.56
ITEM00017_2,ORD00017,PROD0099,3,267.8,803.4
ITEM00017_3,ORD00017,PROD0048,4,65.81,263.24
ITEM00017_4,ORD00017,PROD0178,4,185.39,741.56
ITEM00018_1,ORD00018,PROD0021,4,330.0,1320.0
ITEM00018_2,ORD00018,PROD0155,2,234.54,469.08
ITEM00018_3,ORD00018,PROD0140,3,242.52,727.56
ITEM00018_4,ORD00018,PROD0083,1,154.68,154.68
ITEM00019_1,ORD00019,PROD0184,4,155.4,621.6
ITEM00019_2,ORD00019,PROD0043,4,27.93,111.72
ITEM00019_3,ORD00019,PROD0090,4,165.26,661.04
ITEM00019_4,ORD00019,PROD0011,3,286.81,860.43
ITEM00019_5,ORD00019,PROD0158,4,44.36,177.44
ITEM00020_1,ORD00020,PROD0132,2,247.5,495.0
ITEM00020_2,ORD00020,PROD0008,2,306.39,612.78
ITEM00020_3,ORD00020,PROD0156,4,122.9,491.6
ITEM00021_1,ORD00021,PROD0093,4,104.98,419.92
ITEM00021_2,ORD00021,PROD0146,1,199.78,199.78
ITEM00021_3,ORD00021,PROD0155,2,234.54,469.08
ITEM00022_1,ORD00022,PROD0036,5,280.14,1400.7
ITEM00022_2,ORD00022,PROD0094,4,90.02,360.08
ITEM00022_3,ORD00022,PROD0081,3,398.4,1195.2
ITEM00022_4,ORD00022,PROD0064,1,152.29,152.29
ITEM00022_5,ORD00022,PROD0007,2,151.08,302.16
ITEM00023_1,ORD00023,PROD0199,3,125.35,376.05
ITEM00023_2,ORD00023,PROD0181,4,393.12,1572.48
ITEM00023_3,ORD00023,PROD0055,5,233.04,1165.2
ITEM00024_1,ORD00024,PROD0045,4,217.14,868.56
ITEM00024_2,ORD00024,PROD0023,3,347.44,1042.32
ITEM00024_3,ORD00024,PROD0171,3,181.5,544.5
ITEM00024_4,ORD00024,PROD0182,1,25.26,25.26
ITEM00025_1,ORD00025,PROD0093,5,104.98,524.9
ITEM00025_2,ORD00025,PROD0058,1,365.13,365.13
ITEM00026_1,ORD00026,PROD0142,5,116.11,580.55
ITEM00026_2,ORD00026,PROD0095,4,90.78,363.12
ITEM00026_3,ORD00026,PROD0142,2,116.11,232.22
ITEM00027_1,ORD00027,PROD0135,4,349.24,1396.96
ITEM00027_2,ORD00027,PROD0197,4,380.95,1523.8
ITEM00027_3,ORD00027,PROD0148,1,89.72,89.72
ITEM00027_4,ORD00027,PROD0033,3,365.06,1095.18
ITEM00028_1,ORD00028,PROD0200,5,310.63,1553.15
ITEM00028_2,ORD00028,PROD0164,5,293.67,1468.35
ITEM00029_1,ORD00029,PROD0133,2,21.28,42.56
ITEM00030_1,ORD00030,PROD0089,5,361.65,1808.25
ITEM00030_2,ORD00030,PROD0073,1,45.21,45.21
ITEM00031_1,ORD00031,PROD0161,3,96.4,289.2
ITEM00031_2,ORD00031,PROD0158,5,44.36,221.8
ITEM00032_1,ORD00032,PROD0044,5,149.79,748.95
ITEM00032_2,ORD00032,PROD0185,5,312.03,1560.15
ITEM00033_1,ORD00033,PROD0012,5,225.37,1126.85
ITEM00034_1,ORD00034,PROD0128,5,146.53,732.65
ITEM00035_1,ORD00035,PROD0077,4,251.61,1006.44
ITEM00035_2,ORD00035,PROD0019,1,117.73,117.73
ITEM00035_3,ORD00035,PROD0041,4,301.23,1204.92
ITEM00035_4,ORD00035,PROD0107,4,399.44,1597.76
ITEM00036_1,ORD00036,PROD0188,3,120.81,362.43
ITEM00036_2,ORD00036,PROD0103,2,300.8,601.6
ITEM00036_3,ORD00036,PROD0195,3,46.44,139.32
ITEM00037_1,ORD00037,PROD0064,2,152.29,304.58
ITEM00037_2,ORD00037,PROD0025,1,157.1,157.1
ITEM00037_3,ORD00037,PROD0075,4,237.97,951.88
ITEM00037_4,ORD00037,PROD0158,4,44.36,177.44
ITEM00038_1,ORD00038,PROD0049,2,189.22,378.44
ITEM00038_2,ORD00038,PROD0128,5,146.53,732.65
ITEM00038_3,ORD00038,PROD0120,4,45.57,182.28
ITEM00039_1,ORD00039,PROD0118,2,176.43,352.86
ITEM00039_2,ORD00039,PROD0056,5,18.55,92.75
ITEM00039_3,ORD00039,PROD0091,1,45.74,45.74
ITEM00039_4,ORD00039,PROD0013,3,189.95,569.85
ITEM00039_5,ORD00039,PROD0127,5,266.12,1330.6
ITEM00040_1,ORD00040,PROD0035,3,193.09,579.27
ITEM00040_2,ORD00040,PROD0187,3,138.57,415.71
ITEM00040_3,ORD00040,PROD0196,4,151.1,604.4
ITEM00040_4,ORD00040,PROD0094,1,90.02,90.02
ITEM00041_1,ORD00041,PROD0074,1,219.25,219.25
ITEM00041_2,ORD00041,PROD0099,5,267.8,1339.0
ITEM00041_3,ORD00041,PROD0116,5,356.35,1781.75
ITEM00041_4,ORD00041,PROD0072,5,387.23,1936.15
ITEM00041_5,ORD00041,PROD0175,5,39.92,199.6
ITEM00042_1,ORD00042,PROD0094,2,90.02,180.04
ITEM00042_2,ORD00042,PROD0051,5,38.8,194.0
ITEM00042_3,ORD00042,PROD0131,4,249.28,997.12
ITEM00042_4,ORD00042,PROD0129,1,307.41,307.41
ITEM00042_5,ORD00042,PROD0012,1,225.37,225.37
ITEM00043_1,ORD00043,PROD0132,2,247.5,495.0
ITEM00043_2,ORD00043,PROD0084,5,173.45,867.25
ITEM00043_3,ORD00043,PROD0082,2,356.02,712.04
ITEM00043_4,ORD00043,PROD0101,5,136.26,681.3
ITEM00043_5,ORD00043,PROD0190,3,268.8,806.4
ITEM00044_1,ORD00044,PROD0077,4,251.61,1006.44
ITEM00044_2,ORD00044,PROD0005,3,331.71,995.13
ITEM00044_3,ORD00044,PROD0085,1,355.3,355.3
ITEM00044_4,ORD00044,PROD0107,5,399.44,1997.2
ITEM00044_5,ORD00044,PROD0079,1,364.65,364.65
ITEM00045_1,ORD00045,PROD0059,1,312.53,312.53
ITEM00045_2,ORD00045,PROD0150,4,13.0,52.0
ITEM00045_3,ORD00045,PROD0044,5,149.79,748.95
ITEM00045_4,ORD00045,PROD0162,5,209.08,1045.4
ITEM00045_5,ORD00045,PROD0199,4,125.35,501.4
ITEM00046_1,ORD00046,PROD0049,1,189.22,189.22
ITEM00047_1,ORD00047,PROD0106,5,127.63,638.15
ITEM00047_2,ORD00047,PROD0199,5,125.35,626.75
ITEM00048_1,ORD00048,PROD0084,4,173.45,693.8
ITEM00048_2,ORD00048,PROD0135,4,349.24,1396.96
ITEM00048_3,ORD00048,PROD0081,2,398.4,796.8
ITEM00048_4,ORD00048,PROD0118,5,176.43,882.15
ITEM00048_5,ORD00048,PROD0088,5,48.74,243.7
ITEM00049_1,ORD00049,PROD0143,3,246.75,740.25
ITEM00049_2,ORD00049,PROD0058,3,365.13,1095.39
ITEM00049_3,ORD00049,PROD0198,3,84.87,254.61
ITEM00050_1,ORD00050,PROD0074,1,219.25,219.25
ITEM00050_2,ORD00050,PROD0147,5,95.99,479.95
ITEM00050_3,ORD00050,PROD0098,4,220.67,882.68
ITEM00051_1,ORD00051,PROD0089,4,361.65,1446.6
ITEM00052_1,ORD00052,PROD0144,3,304.42,913.26
ITEM00052_2,ORD00052,PROD0036,1,280.14,280.14
ITEM00052_3,ORD00052,PROD0158,5,44.36,221.8
ITEM00053_1,ORD00053,PROD0164,2,293.67,587.34
ITEM00053_2,ORD00053,PROD0014,1,204.36,204.36
ITEM00054_1,ORD00054,PROD0141,2,71.38,142.76
ITEM00055_1,ORD00055,PROD0074,1,219.25,219.25
ITEM00055_2,ORD00055,PROD0197,1,380.95,380.95
ITEM00055_3,ORD00055,PROD0167,5,79.08,395.4
ITEM00056_1,ORD00056,PROD0046,1,76.28,76.28
ITEM00056_2,ORD00056,PROD0102,4,59.43,237.72
ITEM00056_3,ORD00056,PROD0048,3,65.81,197.43
ITEM00056_4,ORD00056,PROD0010,1,57.35,57.35
ITEM00057_1,ORD00057,PROD0117,5,165.49,827.45
ITEM00057_2,ORD00057,PROD0135,4,349.24,1396.96
ITEM00057_3,ORD00057,PROD0035,5,193.09,965.45
ITEM00058_1,ORD00058,PROD0188,4,120.81,483.24
ITEM00058_2,ORD00058,PROD0166,3,77.65,232.95
ITEM00059_1,ORD00059,PROD0045,5,217.14,1085.7
ITEM00059_2,ORD00059,PROD0164,4,293.67,1174.68
ITEM00060_1,ORD00060,PROD0048,2,65.81,131.62
ITEM00061_1,ORD00061,PROD0115,3,291.12,873.36
ITEM00061_2,ORD00061,PROD0085,3,355.3,1065.9
ITEM00062_1,ORD00062,PROD0171,1,181.5,181.5
ITEM00063_1,ORD00063,PROD0177,1,236.32,236.32
ITEM00063_2,ORD00063,PROD0164,3,293.67,881.01
ITEM00063_3,ORD00063,PROD0095,5,90.78,453.9
ITEM00064_1,ORD00064,PROD0096,4,138.13,552.52
ITEM00064_2,ORD00064,PROD0180,5,383.5,1917.5
ITEM00064_3,ORD00064,PROD0121,5,47.65,238.25
ITEM00064_4,ORD00064,PROD0171,2,181.5,363.0
ITEM00064_5,ORD00064,PROD0196,2,151.1,302.2
ITEM00065_1,ORD00065,PROD0145,1,53.24,53.24
ITEM00066_1,ORD00066,PROD0043,3,27.93,83.79
ITEM00066_2,ORD00066,PROD0134,4,369.39,1477.56
ITEM00067_1,ORD00067,PROD0015,4,285.1,1140.4
ITEM00067_2,ORD00067,PROD0034,5,169.88,849.4
ITEM00067_3,ORD00067,PROD0107,4,399.44,1597.76
ITEM00067_4,ORD00067,PROD0145,1,53.24,53.24
ITEM00068_1,ORD00068,PROD0149,1,308.01,308.01
ITEM00068_2,ORD00068,PROD0012,4,225.37,901.48
ITEM00069_1,ORD00069,PROD0009,3,61.09,183.27
ITEM00069_2,ORD00069,PROD0105,2,96.39,192.78
ITEM00069_3,ORD00069,PROD0197,2,380.95,761.9
ITEM00069_4,ORD00069,PROD0197,4,380.95,1523.8
ITEM00070_1,ORD00070,PROD0021,5,330.0,1650.0
ITEM00070_2,ORD00070,PROD0035,3,193.09,579.27
ITEM00070_3,ORD00070,PROD0031,2,386.48,772.96
ITEM00070_4,ORD00070,PROD0138,4,173.72,694.88
ITEM00071_1,ORD00071,PROD0173,5,207.85,1039.25
ITEM00071_2,ORD00071,PROD0109,5,38.65,193.25
ITEM00071_3,ORD00071,PROD0098,2,220.67,441.34
ITEM00071_4,ORD00071,PROD0064,4,152.29,609.16
ITEM00072_1,ORD00072,PROD0009,4,61.09,244.36
ITEM00073_1,ORD00073,PROD0115,5,291.12,1455.6
ITEM00074_1,ORD00074,PROD0056,1,18.55,18.55
ITEM00074_2,ORD00074,PROD0036,5,280.14,1400.7
ITEM00074_3,ORD00074,PROD0075,2,237.97,475.94
ITEM00074_4,ORD00074,PROD0188,5,120.81,604.05
ITEM00074_5,ORD00074,PROD0082,5,356.02,1780.1
ITEM00075_1,ORD00075,PROD0057,4,117.04,468.16
ITEM00075_2,ORD00075,PROD0077,3,251.61,754.83
ITEM00075_3,ORD00075,PROD0016,5,392.29,1961.45
ITEM00075_4,ORD00075,PROD0152,2,205.09,410.18
ITEM00075_5,ORD00075,PROD0161,4,96.4,385.6
ITEM00076_1,ORD00076,PROD0135,3,349.24,1047.72
ITEM00076_2,ORD00076,PROD0179,4,135.39,541.56
ITEM00076_3,ORD00076,PROD0105,2,96.39,192.78
ITEM00076_4,ORD00076,PROD0077,4,251.61,1006.44
ITEM00077_1,ORD00077,PROD0182,2,25.26,50.52
ITEM00077_2,ORD00077,PROD0119,1,381.89,381.89
ITEM00077_3,ORD00077,PROD0144,4,304.42,1217.68
ITEM00078_1,ORD00078,PROD0053,3,188.16,564.48
ITEM00078_2,ORD00078,PROD0166,1,77.65,77.65
ITEM00078_3,ORD00078,PROD0116,3,356.35,1069.05
ITEM00079_1,ORD00079,PROD0155,1,234.54,234.54
ITEM00079_2,ORD00079,PROD0019,2,117.73,235.46
ITEM00079_3,ORD00079,PROD0195,5,46.44,232.2
ITEM00079_4,ORD00079,PROD0186,5,317.79,1588.95
ITEM00079_5,ORD00079,PROD0056,4,18.55,74.2
ITEM00080_1,ORD00080,PROD0049,1,189.22,189.22
ITEM00080_2,ORD00080,PROD0192,4,60.28,241.12
ITEM00081_1,ORD00081,PROD0199,3,125.35,376.05
ITEM00081_2,ORD00081,PROD0098,4,220.67,882.68
ITEM00081_3,ORD00081,PROD0137,3,45.78,137.34
ITEM00082_1,ORD00082,PROD0026,4,392.49,1569.96
ITEM00082_2,ORD00082,PROD0195,3,46.44,139.32
ITEM00082_3,ORD00082,PROD0053,3,188.16,564.48
ITEM00082_4,ORD00082,PROD0081,4,398.4,1593.6
ITEM00083_1,ORD00083,PROD0142,5,116.11,580.55
ITEM00083_2,ORD00083,PROD0149,4,308.01,1232.04
ITEM00083_3,ORD00083,PROD0076,2,52.24,104.48
ITEM00084_1,ORD00084,PROD0141,3,71.38,214.14
ITEM00084_2,ORD00084,PROD0066,4,61.53,246.12
ITEM00084_3,ORD00084,PROD0186,4,317.79,1271.16
ITEM00084_4,ORD00084,PROD0118,2,176.43,352.86
ITEM00085_1,ORD00085,PROD0139,1,131.53,131.53
ITEM00085_2,ORD00085,PROD0135,1,349.24,349.24
ITEM00086_1,ORD00086,PROD0018,2,301.04,602.08
ITEM00086_2,ORD00086,PROD0003,2,24.3,48.6
ITEM00087_1,ORD00087,PROD0124,4,350.7,1402.8
ITEM00087_2,ORD00087,PROD0005,1,331.71,331.71
ITEM00087_3,ORD00087,PROD0137,5,45.78,228.9
ITEM00087_4,ORD00087,PROD0106,1,127.63,127.63
ITEM00087_5,ORD00087,PROD0005,5,331.71,1658.55
ITEM00088_1,ORD00088,PROD0046,1,76.28,76.28
ITEM00088_2,ORD00088,PROD0025,5,157.1,785.5
ITEM00088_3,ORD00088,PROD0039,2,350.22,700.44
ITEM00088_4,ORD00088,PROD0050,5,361.46,1807.3
ITEM00089_1,ORD00089,PROD0104,4,210.15,840.6
ITEM00089_2,ORD00089,PROD0145,2,53.24,106.48
ITEM00089_3,ORD00089,PROD0179,2,135.39,270.78
ITEM00090_1,ORD00090,PROD0024,4,144.59,578.36
ITEM00091_1,ORD00091,PROD0180,2,383.5,767.0
ITEM00092_1,ORD00092,PROD0025,5,157.1,785.5
ITEM00092_2,ORD00092,PROD0011,2,286.81,573.62
ITEM00092_3,ORD00092,PROD0055,5,233.04,1165.2
ITEM00092_4,ORD00092,PROD0122,3,226.97,680.91
ITEM00092_5,ORD00092,PROD0012,1,225.37,225.37
ITEM00093_1,ORD00093,PROD0005,2,331.71,663.42
ITEM00093_2,ORD00093,PROD0151,2,60.37,120.74
ITEM00093_3,ORD00093,PROD0193,4,227.97,911.88
ITEM00094_1,ORD00094,PROD0174,5,24.66,123.3
ITEM00094_2,ORD00094,PROD0085,4,355.3,1421.2
ITEM00094_3,ORD00094,PROD0194,2,327.13,654.26
ITEM00094_4,ORD00094,PROD0177,1,236.32,236.32
ITEM00095_1,ORD00095,PROD0155,5,234.54,1172.7
ITEM00095_2,ORD00095,PROD0153,4,38.1,152.4
ITEM00095_3,ORD00095,PROD0199,3,125.35,376.05
ITEM00096_1,ORD00096,PROD0097,4,11.1,44.4
ITEM00096_2,ORD00096,PROD0048,5,65.81,329.05
ITEM00096_3,ORD00096,PROD0170,4,136.04,544.16
ITEM00096_4,ORD00096,PROD0022,5,336.61,1683.05
ITEM00096_5,ORD00096,PROD0076,2,52.24,104.48
ITEM00097_1,ORD00097,PROD0190,4,268.8,1075.2
ITEM00097_2,ORD00097,PROD0082,3,356.02,1068.06
ITEM00098_1,ORD00098,PROD0195,3,46.44,139.32
ITEM00098_2,ORD00098,PROD0027,2,101.08,202.16
ITEM00098_3,ORD00098,PROD0023,2,347.44,694.88
ITEM00099_1,ORD00099,PROD0007,1,151.08,151.08
ITEM00100_1,ORD00100,PROD0004,3,136.07,408.21
ITEM00100_2,ORD00100,PROD0106,4,127.63,510.52
ITEM00100_3,ORD00100,PROD0200,1,310.63,310.63
ITEM00100_4,ORD00100,PROD0186,5,317.79,1588.95
ITEM00101_1,ORD00101,PROD0036,3,280.14,840.42
ITEM00101_2,ORD00101,PROD0078,3,96.32,288.96
ITEM00102_1,ORD00102,PROD0077,4,251.61,1006.44
ITEM00102_2,ORD00102,PROD0020,3,142.54,427.62
ITEM00102_3,ORD00102,PROD0065,2,137.41,274.82
ITEM00102_4,ORD00102,PROD0185,4,312.03,1248.12
ITEM00103_1,ORD00103,PROD0086,5,250.09,1250.45
ITEM00103_2,ORD00103,PROD0098,3,220.67,662.01
ITEM00103_3,ORD00103,PROD0113,3,186.94,560.82
ITEM00103_4,ORD00103,PROD0111,5,256.89,1284.45
ITEM00104_1,ORD00104,PROD0123,3,138.55,415.65
ITEM00104_2,ORD00104,PROD0046,4,76.28,305.12
ITEM00105_1,ORD00105,PROD0084,4,173.45,693.8
ITEM00105_2,ORD00105,PROD0072,4,387.23,1548.92
ITEM00106_1,ORD00106,PROD0175,5,39.92,199.6
ITEM00106_2,ORD00106,PROD0007,4,151.08,604.32
ITEM00107_1,ORD00107,PROD0173,4,207.85,831.4
ITEM00107_2,ORD00107,PROD0036,3,280.14,840.42
ITEM00107_3,ORD00107,PROD0062,3,255.01,765.03
ITEM00107_4,ORD00107,PROD0169,2,185.06,370.12
ITEM00108_1,ORD00108,PROD0150,4,13.0,52.0
ITEM00108_2,ORD00108,PROD0137,5,45.78,228.9
ITEM00108_3,ORD00108,PROD0178,4,185.39,741.56
ITEM00108_4,ORD00108,PROD0140,1,242.52,242.52
ITEM00109_1,ORD00109,PROD0197,2,380.95,761.9
ITEM00110_1,ORD00110,PROD0193,3,227.97,683.91
ITEM00110_2,ORD00110,PROD0111,1,256.89,256.89
ITEM00110_3,ORD00110,PROD0003,1,24.3,24.3
ITEM00110_4,ORD00110,PROD0067,2,217.02,434.04
ITEM00111_1,ORD00111,PROD0177,5,236.32,1181.6
ITEM00111_2,ORD00111,PROD0039,3,350.22,1050.66
ITEM00111_3,ORD00111,PROD0007,4,151.08,604.32
ITEM00111_4,ORD00111,PROD0027,3,101.08,303.24
ITEM00111_5,ORD00111,PROD0107,1,399.44,399.44
ITEM00112_1,ORD00112,PROD0134,4,369.39,1477.56
ITEM00112_2,ORD00112,PROD0090,4,165.26,661.04
ITEM00113_1,ORD00113,PROD0012,1,225.37,225.37
ITEM00113_2,ORD00113,PROD0006,3,190.16,570.48
ITEM00113_3,ORD00113,PROD0166,1,77.65,77.65
ITEM00114_1,ORD00114,PROD0144,4,304.42,1217.68
ITEM00114_2,ORD00114,PROD0119,2,381.89,763.78
ITEM00114_3,ORD00114,PROD0104,2,210.15,420.3
ITEM00115_1,ORD00115,PROD0116,5,356.35,1781.75
ITEM00115_2,ORD00115,PROD0110,4,67.84,271.36
ITEM00116_1,ORD00116,PROD0148,1,89.72,89.72
ITEM00117_1,ORD00117,PROD0172,4,320.56,1282.24
ITEM00117_2,ORD00117,PROD0136,3,37.13,111.39
ITEM00117_3,ORD00117,PROD0153,4,38.1,152.4
ITEM00118_1,ORD00118,PROD0045,3,217.14,651.42
ITEM00118_2,ORD00118,PROD0158,5,44.36,221.8
ITEM00118_3,ORD00118,PROD0022,2,336.61,673.22
ITEM00118_4,ORD00118,PROD0081,1,398.4,398.4
ITEM00118_5,ORD00118,PROD0062,3,255.01,765.03
ITEM00119_1,ORD00119,PROD0108,5,277.57,1387.85
ITEM00119_2,ORD00119,PROD0036,5,280.14,1400.7
ITEM00119_3,ORD00119,PROD0099,4,267.8,1071.2
ITEM00119_4,ORD00119,PROD0048,4,65.81,263.24
ITEM00120_1,ORD00120,PROD0081,4,398.4,1593.6
ITEM00120_2,ORD00120,PROD0159,1,179.9,179.9
ITEM00121_1,ORD00121,PROD0130,4,339.6,1358.4
ITEM00121_2,ORD00121,PROD0105,4,96.39,385.56
ITEM00121_3,ORD00121,PROD0107,4,399.44,1597.76
ITEM00121_4,ORD00121,PROD0126,2,50.39,100.78
ITEM00121_5,ORD00121,PROD0022,5,336.61,1683.05
ITEM00122_1,ORD00122,PROD0074,2,219.25,438.5
ITEM00122_2,ORD00122,PROD0200,4,310.63,1242.52
ITEM00122_3,ORD00122,PROD0145,4,53.24,212.96
ITEM00122_4,ORD00122,PROD0141,5,71.38,356.9
ITEM00122_5,ORD00122,PROD0029,5,160.56,802.8
ITEM00123_1,ORD00123,PROD0194,1,327.13,327.13
ITEM00123_2,ORD00123,PROD0195,4,46.44,185.76
ITEM00123_3,ORD00123,PROD0140,2,242.52,485.04
ITEM00123_4,ORD00123,PROD0109,1,38.65,38.65
ITEM00123_5,ORD00123,PROD0189,2,350.57,701.14
ITEM00124_1,ORD00124,PROD0031,2,386.48,772.96
ITEM00124_2,ORD00124,PROD0054,5,342.79,1713.95
ITEM00124_3,ORD00124,PROD0177,3,236.32,708.96
ITEM00124_4,ORD00124,PROD0182,5,25.26,126.3
ITEM00125_1,ORD00125,PROD0016,5,392.29,1961.45
ITEM00125_2,ORD00125,PROD0090,5,165.26,826.3
ITEM00126_1,ORD00126,PROD0075,5,237.97,1189.85
ITEM00126_2,ORD00126,PROD0069,5,301.15,1505.75
ITEM00126_3,ORD00126,PROD0174,1,24.66,24.66
ITEM00127_1,ORD00127,PROD0180,2,383.5,767.0
ITEM00127_2,ORD00127,PROD0064,2,152.29,304.58
ITEM00128_1,ORD00128,PROD0162,3,209.08,627.24
ITEM00128_2,ORD00128,PROD0161,4,96.4,385.6
ITEM00128_3,ORD00128,PROD0097,4,11.1,44.4
ITEM00128_4,ORD00128,PROD0020,1,142.54,142.54
ITEM00128_5,ORD00128,PROD0104,5,210.15,1050.75
ITEM00129_1,ORD00129,PROD0001,1,344.51,344.51
ITEM00129_2,ORD00129,PROD0188,4,120.81,483.24
ITEM00129_3,ORD00129,PROD0163,3,85.61,256.83
ITEM00129_4,ORD00129,PROD0017,5,66.4,332.0
ITEM00129_5,ORD00129,PROD0102,2,59.43,118.86
ITEM00130_1,ORD00130,PROD0141,5,71.38,356.9
ITEM00130_2,ORD00130,PROD0034,5,169.88,849.4
ITEM00130_3,ORD00130,PROD0125,3,387.67,1163.01
ITEM00131_1,ORD00131,PROD0032,2,350.92,701.84
ITEM00132_1,ORD00132,PROD0177,2,236.32,472.64
ITEM00132_2,ORD00132,PROD0167,3,79.08,237.24
ITEM00133_1,ORD00133,PROD0096,2,138.13,276.26
ITEM00134_1,ORD00134,PROD0110,1,67.84,67.84
ITEM00134_2,ORD00134,PROD0181,1,393.12,393.12
ITEM00135_1,ORD00135,PROD0133,4,21.28,85.12
ITEM00135_2,ORD00135,PROD0003,1,24.3,24.3
ITEM00136_1,ORD00136,PROD0059,4,312.53,1250.12
ITEM00137_1,ORD00137,PROD0098,2,220.67,441.34
ITEM00137_2,ORD00137,PROD0165,2,102.13,204.26
ITEM00138_1,ORD00138,PROD0113,3,186.94,560.82
ITEM00138_2,ORD00138,PROD0185,2,312.03,624.06
ITEM00139_1,ORD00139,PROD0026,2,392.49,784.98
ITEM00140_1,ORD00140,PROD0064,3,152.29,456.87
ITEM00140_2,ORD00140,PROD0166,1,77.65,77.65
ITEM00141_1,ORD00141,PROD0200,1,310.63,310.63
ITEM00141_2,ORD00141,PROD0169,3,185.06,555.18
ITEM00141_3,ORD00141,PROD0053,5,188.16,940.8
ITEM00142_1,ORD00142,PROD0099,1,267.8,267.8
ITEM00142_2,ORD00142,PROD0062,4,255.01,1020.04
ITEM00142_3,ORD00142,PROD0164,5,293.67,1468.35
ITEM00142_4,ORD00142,PROD0019,5,117.73,588.65
ITEM00143_1,ORD00143,PROD0094,5,90.02,450.1
ITEM00143_2,ORD00143,PROD0175,2,39.92,79.84
ITEM00143_3,ORD00143,PROD0196,4,151.1,604.4
ITEM00143_4,ORD00143,PROD0198,1,84.87,84.87
ITEM00144_1,ORD00144,PROD0102,5,59.43,297.15
ITEM00145_1,ORD00145,PROD0164,5,293.67,1468.35
ITEM00146_1,ORD00146,PROD0040,5,101.55,507.75
ITEM00146_2,ORD00146,PROD0084,4,173.45,693.8
ITEM00147_1,ORD00147,PROD0063,1,130.47,130.47
ITEM00148_1,ORD00148,PROD0171,2,181.5,363.0
ITEM00148_2,ORD00148,PROD0031,1,386.48,386.48
ITEM00148_3,ORD00148,PROD0182,2,25.26,50.52
ITEM00149_1,ORD00149,PROD0185,3,312.03,936.09
ITEM00149_2,ORD00149,PROD0043,3,27.93,83.79
ITEM00149_3,ORD00149,PROD0033,3,365.06,1095.18
ITEM00149_4,ORD00149,PROD0188,1,120.81,120.81
ITEM00149_5,ORD00149,PROD0198,1,84.87,84.87
ITEM00150_1,ORD00150,PROD0161,1,96.4,96.4
ITEM00150_2,ORD00150,PROD0128,4,146.53,586.12
ITEM00150_3,ORD00150,PROD0131,3,249.28,747.84
ITEM00150_4,ORD00150,PROD0015,4,285.1,1140.4
ITEM00150_5,ORD00150,PROD0146,2,199.78,399.56
ITEM00151_1,ORD00151,PROD0059,5,312.53,1562.65
ITEM00152_1,ORD00152,PROD0099,2,267.8,535.6
ITEM00152_2,ORD00152,PROD0046,1,76.28,76.28
ITEM00152_3,ORD00152,PROD0142,4,116.11,464.44
ITEM00153_1,ORD00153,PROD0070,1,192.64,192.64
ITEM00153_2,ORD00153,PROD0147,3,95.99,287.97
ITEM00153_3,ORD00153,PROD0031,5,386.48,1932.4
ITEM00154_1,ORD00154,PROD0018,4,301.04,1204.16
ITEM00154_2,ORD00154,PROD0073,3,45.21,135.63
ITEM00154_3,ORD00154,PROD0084,1,173.45,173.45
ITEM00154_4,ORD00154,PROD0142,4,116.11,464.44
ITEM00155_1,ORD00155,PROD0063,4,130.47,521.88
ITEM00155_2,ORD00155,PROD0095,5,90.78,453.9
ITEM00155_3,ORD00155,PROD0127,2,266.12,532.24
ITEM00155_4,ORD00155,PROD0188,5,120.81,604.05
ITEM00155_5,ORD00155,PROD0195,2,46.44,92.88
ITEM00156_1,ORD00156,PROD0163,1,85.61,85.61
ITEM00156_2,ORD00156,PROD0086,1,250.09,250.09
ITEM00156_3,ORD00156,PROD0195,4,46.44,185.76
ITEM00157_1,ORD00157,PROD0126,1,50.39,50.39
ITEM00157_2,ORD00157,PROD0037,3,342.4,1027.2
ITEM00157_3,ORD00157,PROD0024,1,144.59,144.59
ITEM00157_4,ORD00157,PROD0060,5,95.4,477.0
ITEM00158_1,ORD00158,PROD0025,5,157.1,785.5
ITEM00158_2,ORD00158,PROD0035,4,193.09,772.36
ITEM00158_3,ORD00158,PROD0020,5,142.54,712.7
ITEM00158_4,ORD00158,PROD0146,1,199.78,199.78
ITEM00158_5,ORD00158,PROD0112,2,158.54,317.08
ITEM00159_1,ORD00159,PROD0082,4,356.02,1424.08
ITEM00159_2,ORD00159,PROD0070,2,192.64,385.28
ITEM00159_3,ORD00159,PROD0020,2,142.54,285.08
ITEM00160_1,ORD00160,PROD0120,3,45.57,136.71
ITEM00160_2,ORD00160,PROD0105,1,96.39,96.39
ITEM00160_3,ORD00160,PROD0138,3,173.72,521.16
ITEM00160_4,ORD00160,PROD0198,2,84.87,169.74
ITEM00161_1,ORD00161,PROD0041,3,301.23,903.69
ITEM00162_1,ORD00162,PROD0092,4,388.72,1554.88
ITEM00162_2,ORD00162,PROD0132,1,247.5,247.5
ITEM00163_1,ORD00163,PROD0143,5,246.75,1233.75
ITEM00163_2,ORD00163,PROD0064,1,152.29,152.29
ITEM00163_3,ORD00163,PROD0119,1,381.89,381.89
ITEM00163_4,ORD00163,PROD0036,1,280.14,280.14
ITEM00164_1,ORD00164,PROD0176,1,249.84,249.84
ITEM00164_2,ORD00164,PROD0150,5,13.0,65.0
ITEM00164_3,ORD00164,PROD0067,1,217.02,217.02
ITEM00165_1,ORD00165,PROD0024,3,144.59,433.77
ITEM00165_2,ORD00165,PROD0032,1,350.92,350.92
ITEM00166_1,ORD00166,PROD0128,1,146.53,146.53
ITEM00166_2,ORD00166,PROD0098,4,220.67,882.68
ITEM00166_3,ORD00166,PROD0045,3,217.14,651.42
ITEM00166_4,ORD00166,PROD0055,2,233.04,466.08
ITEM00167_1,ORD00167,PROD0159,5,179.9,899.5
ITEM00167_2,ORD00167,PROD0063,3,130.47,391.41
ITEM00167_3,ORD00167,PROD0128,4,146.53,586.12
ITEM00167_4,ORD00167,PROD0141,4,71.38,285.52
ITEM00167_5,ORD00167,PROD0016,1,392.29,392.29
ITEM00168_1,ORD00168,PROD0064,5,152.29,761.45
ITEM00168_2,ORD00168,PROD0005,4,331.71,1326.84
ITEM00168_3,ORD00168,PROD0183,3,214.38,643.14
ITEM00168_4,ORD00168,PROD0123,5,138.55,692.75
ITEM00168_5,ORD00168,PROD0125,3,387.67,1163.01
ITEM00169_1,ORD00169,PROD0057,1,117.04,117.04
ITEM00169_2,ORD00169,PROD0200,3,310.63,931.89
ITEM00169_3,ORD00169,PROD0015,4,285.1,1140.4
ITEM00169_4,ORD00169,PROD0136,3,37.13,111.39
ITEM00169_5,ORD00169,PROD0197,5,380.95,1904.75
ITEM00170_1,ORD00170,PROD0137,1,45.78,45.78
ITEM00170_2,ORD00170,PROD0196,2,151.1,302.2
ITEM00170_3,ORD00170,PROD0148,4,89.72,358.88
ITEM00171_1,ORD00171,PROD0152,1,205.09,205.09
ITEM00171_2,ORD00171,PROD0181,3,393.12,1179.36
ITEM00171_3,ORD00171,PROD0146,5,199.78,998.9
ITEM00172_1,ORD00172,PROD0080,2,55.49,110.98
ITEM00172_2,ORD00172,PROD0126,1,50.39,50.39
ITEM00172_3,ORD00172,PROD0024,1,144.59,144.59
ITEM00172_4,ORD00172,PROD0060,5,95.4,477.0
ITEM00172_5,ORD00172,PROD0057,1,117.04,117.04
ITEM00173_1,ORD00173,PROD0088,2,48.74,97.48
ITEM00173_2,ORD00173,PROD0083,1,154.68,154.68
ITEM00174_1,ORD00174,PROD0135,3,349.24,1047.72
ITEM00175_1,ORD00175,PROD0026,3,392.49,1177.47
ITEM00175_2,ORD00175,PROD0078,3,96.32,288.96
ITEM00175_3,ORD00175,PROD0035,2,193.09,386.18
ITEM00175_4,ORD00175,PROD0188,4,120.81,483.24
ITEM00175_5,ORD00175,PROD0164,4,293.67,1174.68
ITEM00176_1,ORD00176,PROD0092,2,388.72,777.44
ITEM00176_2,ORD00176,PROD0171,5,181.5,907.5
ITEM00176_3,ORD00176,PROD0045,4,217.14,868.56
ITEM00176_4,ORD00176,PROD0079,3,364.65,1093.95
ITEM00176_5,ORD00176,PROD0033,2,365.06,730.12
ITEM00177_1,ORD00177,PROD0047,5,251.68,1258.4
ITEM00178_1,ORD00178,PROD0085,1,355.3,355.3
ITEM00178_2,ORD00178,PROD0061,3,274.32,822.96
ITEM00179_1,ORD00179,PROD0115,1,291.12,291.12
ITEM00179_2,ORD00179,PROD0068,2,110.21,220.42
ITEM00179_3,ORD00179,PROD0064,1,152.29,152.29
ITEM00180_1,ORD00180,PROD0113,4,186.94,747.76
ITEM00180_2,ORD00180,PROD0043,4,27.93,111.72
ITEM00180_3,ORD00180,PROD0127,4,266.12,1064.48
ITEM00180_4,ORD00180,PROD0090,5,165.26,826.3
ITEM00181_1,ORD00181,PROD0042,4,183.02,732.08
ITEM00181_2,ORD00181,PROD0019,1,117.73,117.73
ITEM00182_1,ORD00182,PROD0088,2,48.74,97.48
ITEM00183_1,ORD00183,PROD0153,5,38.1,190.5
ITEM00183_2,ORD00183,PROD0124,1,350.7,350.7
ITEM00183_3,ORD00183,PROD0111,2,256.89,513.78
ITEM00184_1,ORD00184,PROD0105,5,96.39,481.95
ITEM00184_2,ORD00184,PROD0185,5,312.03,1560.15
ITEM00185_1,ORD00185,PROD0147,5,95.99,479.95
ITEM00185_2,ORD00185,PROD0126,2,50.39,100.78
ITEM00185_3,ORD00185,PROD0014,3,204.36,613.08
ITEM00185_4,ORD00185,PROD0001,4,344.51,1378.04
ITEM00186_1,ORD00186,PROD0025,1,157.1,157.1
ITEM00186_2,ORD00186,PROD0053,2,188.16,376.32
ITEM00187_1,ORD00187,PROD0121,4,47.65,190.6
ITEM00187_2,ORD00187,PROD0170,3,136.04,408.12
ITEM00187_3,ORD00187,PROD0024,5,144.59,722.95
ITEM00187_4,ORD00187,PROD0100,2,149.7,299.4
ITEM00188_1,ORD00188,PROD0113,4,186.94,747.76
ITEM00188_2,ORD00188,PROD0068,2,110.21,220.42
ITEM00188_3,ORD00188,PROD0069,5,301.15,1505.75
ITEM00189_1,ORD00189,PROD0139,4,131.53,526.12
ITEM00189_2,ORD00189,PROD0194,5,327.13,1635.65
ITEM00189_3,ORD00189,PROD0059,5,312.53,1562.65
ITEM00190_1,ORD00190,PROD0147,2,95.99,191.98
ITEM00190_2,ORD00190,PROD0122,3,226.97,680.91
ITEM00190_3,ORD00190,PROD0021,4,330.0,1320.0
ITEM00190_4,ORD00190,PROD0183,1,214.38,214.38
ITEM00191_1,ORD00191,PROD0050,2,361.46,722.92
ITEM00191_2,ORD00191,PROD0011,4,286.81,1147.24
ITEM00192_1,ORD00192,PROD0153,3,38.1,114.3
ITEM00192_2,ORD00192,PROD0082,1,356.02,356.02
ITEM00193_1,ORD00193,PROD0134,4,369.39,1477.56
ITEM00193_2,ORD00193,PROD0004,5,136.07,680.35
ITEM00193_3,ORD00193,PROD0151,5,60.37,301.85
ITEM00194_1,ORD00194,PROD0150,1,13.0,13.0
ITEM00194_2,ORD00194,PROD0028,5,134.08,670.4
ITEM00194_3,ORD00194,PROD0200,1,310.63,310.63
ITEM00194_4,ORD00194,PROD0074,5,219.25,1096.25
ITEM00194_5,ORD00194,PROD0089,4,361.65,1446.6
ITEM00195_1,ORD00195,PROD0010,2,57.35,114.7
ITEM00195_2,ORD00195,PROD0071,4,345.44,1381.76
ITEM00195_3,ORD00195,PROD0037,5,342.4,1712.0
ITEM00195_4,ORD00195,PROD0156,4,122.9,491.6
ITEM00196_1,ORD00196,PROD0069,3,301.15,903.45
ITEM00196_2,ORD00196,PROD0006,3,190.16,570.48
ITEM00196_3,ORD00196,PROD0078,3,96.32,288.96
ITEM00196_4,ORD00196,PROD0072,4,387.23,1548.92
ITEM00197_1,ORD00197,PROD0199,3,125.35,376.05
ITEM00197_2,ORD00197,PROD0069,4,301.15,1204.6
ITEM00197_3,ORD00197,PROD0155,1,234.54,234.54
ITEM00197_4,ORD00197,PROD0049,4,189.22,756.88
ITEM00198_1,ORD00198,PROD0132,2,247.5,495.0
ITEM00199_1,ORD00199,PROD0146,1,199.78,199.78
ITEM00199_2,ORD00199,PROD0045,2,217.14,434.28
ITEM00199_3,ORD00199,PROD0052,1,259.18,259.18
ITEM00199_4,ORD00199,PROD0064,1,152.29,152.29
ITEM00199_5,ORD00199,PROD0117,1,165.49,165.49
ITEM00200_1,ORD00200,PROD0102,1,59.43,59.43
ITEM00200_2,ORD00200,PROD0175,1,39.92,39.92
ITEM00200_3,ORD00200,PROD0062,3,255.01,765.03
ITEM00200_4,ORD00200,PROD0126,5,50.39,251.95
ITEM00200_5,ORD00200,PROD0115,2,291.12,582.24
ITEM00201_1,ORD00201,PROD0073,1,45.21,45.21
ITEM00202_1,ORD00202,PROD0166,2,77.65,155.3
ITEM00202_2,ORD00202,PROD0174,2,24.66,49.32
ITEM00203_1,ORD00203,PROD0122,2,226.97,453.94
ITEM00204_1,ORD00204,PROD0109,4,38.65,154.6
ITEM00204_2,ORD00204,PROD0090,4,165.26,661.04
ITEM00204_3,ORD00204,PROD0065,2,137.41,274.82
ITEM00205_1,ORD00205,PROD0150,1,13.0,13.0
ITEM00205_2,ORD00205,PROD0002,5,122.39,611.95
ITEM00205_3,ORD00205,PROD0170,3,136.04,408.12
ITEM00205_4,ORD00205,PROD0144,5,304.42,1522.1
ITEM00206_1,ORD00206,PROD0071,3,345.44,1036.32
ITEM00206_2,ORD00206,PROD0071,3,345.44,1036.32
ITEM00206_3,ORD00206,PROD0168,3,190.93,572.79
ITEM00207_1,ORD00207,PROD0104,3,210.15,630.45
ITEM00207_2,ORD00207,PROD0175,2,39.92,79.84
ITEM00207_3,ORD00207,PROD0185,1,312.03,312.03
ITEM00207_4,ORD00207,PROD0168,4,190.93,763.72
ITEM00207_5,ORD00207,PROD0076,3,52.24,156.72
ITEM00208_1,ORD00208,PROD0049,3,189.22,567.66
ITEM00208_2,ORD00208,PROD0186,2,317.79,635.58
ITEM00208_3,ORD00208,PROD0176,5,249.84,1249.2
ITEM00208_4,ORD00208,PROD0164,4,293.67,1174.68
ITEM00208_5,ORD00208,PROD0172,3,320.56,961.68
ITEM00209_1,ORD00209,PROD0025,4,157.1,628.4
ITEM00209_2,ORD00209,PROD0033,3,365.06,1095.18
ITEM00209_3,ORD00209,PROD0186,5,317.79,1588.95
ITEM00210_1,ORD00210,PROD0191,3,387.39,1162.17
ITEM00210_2,ORD00210,PROD0108,3,277.57,832.71
ITEM00211_1,ORD00211,PROD0014,5,204.36,1021.8
ITEM00211_2,ORD00211,PROD0149,5,308.01,1540.05
ITEM00211_3,ORD00211,PROD0019,4,117.73,470.92
ITEM00211_4,ORD00211,PROD0050,5,361.46,1807.3
ITEM00212_1,ORD00212,PROD0036,2,280.14,560.28
ITEM00212_2,ORD00212,PROD0088,4,48.74,194.96
ITEM00213_1,ORD00213,PROD0125,3,387.67,1163.01
ITEM00214_1,ORD00214,PROD0054,2,342.79,685.58
ITEM00214_2,ORD00214,PROD0148,2,89.72,179.44
ITEM00214_3,ORD00214,PROD0126,1,50.39,50.39
ITEM00215_1,ORD00215,PROD0099,1,267.8,267.8
ITEM00215_2,ORD00215,PROD0010,5,57.35,286.75
ITEM00215_3,ORD00215,PROD0052,3,259.18,777.54
ITEM00215_4,ORD00215,PROD0004,3,136.07,408.21
ITEM00216_1,ORD00216,PROD0058,3,365.13,1095.39
ITEM00216_2,ORD00216,PROD0080,2,55.49,110.98
ITEM00217_1,ORD00217,PROD0012,3,225.37,676.11
ITEM00218_1,ORD00218,PROD0176,2,249.84,499.68
ITEM00218_2,ORD00218,PROD0088,4,48.74,194.96
ITEM00218_3,ORD00218,PROD0092,2,388.72,777.44
ITEM00218_4,ORD00218,PROD0043,4,27.93,111.72
ITEM00219_1,ORD00219,PROD0188,1,120.81,120.81
ITEM00219_2,ORD00219,PROD0151,5,60.37,301.85
ITEM00220_1,ORD00220,PROD0164,3,293.67,881.01
ITEM00220_2,ORD00220,PROD0198,5,84.87,424.35
ITEM00220_3,ORD00220,PROD0160,1,164.34,164.34
ITEM00220_4,ORD00220,PROD0153,1,38.1,38.1
ITEM00221_1,ORD00221,PROD0098,1,220.67,220.67
ITEM00221_2,ORD00221,PROD0141,3,71.38,214.14
ITEM00221_3,ORD00221,PROD0122,2,226.97,453.94
ITEM00221_4,ORD00221,PROD0053,1,188.16,188.16
ITEM00222_1,ORD00222,PROD0160,5,164.34,821.7
ITEM00222_2,ORD00222,PROD0180,2,383.5,767.0
ITEM00222_3,ORD00222,PROD0108,1,277.57,277.57
ITEM00223_1,ORD00223,PROD0156,2,122.9,245.8
ITEM00223_2,ORD00223,PROD0200,3,310.63,931.89
ITEM00224_1,ORD00224,PROD0141,4,71.38,285.52
ITEM00225_1,ORD00225,PROD0029,5,160.56,802.8
ITEM00226_1,ORD00226,PROD0066,2,61.53,123.06
ITEM00227_1,ORD00227,PROD0011,3,286.81,860.43
ITEM00227_2,ORD00227,PROD0093,3,104.98,314.94
ITEM00228_1,ORD00228,PROD0036,2,280.14,560.28
ITEM00229_1,ORD00229,PROD0096,3,138.13,414.39
ITEM00230_1,ORD00230,PROD0099,4,267.8,1071.2
ITEM00230_2,ORD00230,PROD0108,2,277.57,555.14
ITEM00230_3,ORD00230,PROD0029,2,160.56,321.12
ITEM00231_1,ORD00231,PROD0146,4,199.78,799.12
ITEM00231_2,ORD00231,PROD0047,5,251.68,1258.4
ITEM00231_3,ORD00231,PROD0098,3,220.67,662.01
ITEM00231_4,ORD00231,PROD0157,1,77.02,77.02
ITEM00232_1,ORD00232,PROD0012,1,225.37,225.37
ITEM00232_2,ORD00232,PROD0067,3,217.02,651.06
ITEM00232_3,ORD00232,PROD0004,5,136.07,680.35
ITEM00232_4,ORD00232,PROD0197,5,380.95,1904.75
ITEM00233_1,ORD00233,PROD0025,4,157.1,628.4
ITEM00233_2,ORD00233,PROD0170,2,136.04,272.08
ITEM00233_3,ORD00233,PROD0124,3,350.7,1052.1
ITEM00233_4,ORD00233,PROD0170,4,136.04,544.16
ITEM00233_5,ORD00233,PROD0039,5,350.22,1751.1
ITEM00234_1,ORD00234,PROD0127,2,266.12,532.24
ITEM00234_2,ORD00234,PROD0020,4,142.54,570.16
ITEM00234_3,ORD00234,PROD0083,2,154.68,309.36
ITEM00234_4,ORD00234,PROD0085,3,355.3,1065.9
ITEM00235_1,ORD00235,PROD0061,1,274.32,274.32
ITEM00235_2,ORD00235,PROD0118,4,176.43,705.72
ITEM00235_3,ORD00235,PROD0147,4,95.99,383.96
ITEM00235_4,ORD00235,PROD0023,4,347.44,1389.76
ITEM00236_1,ORD00236,PROD0027,4,101.08,404.32
ITEM00237_1,ORD00237,PROD0159,3,179.9,539.7
ITEM00237_2,ORD00237,PROD0131,5,249.28,1246.4
ITEM00237_3,ORD00237,PROD0053,4,188.16,752.64
ITEM00237_4,ORD00237,PROD0088,3,48.74,146.22
ITEM00237_5,ORD00237,PROD0014,2,204.36,408.72
ITEM00238_1,ORD00238,PROD0184,3,155.4,466.2
ITEM00238_2,ORD00238,PROD0184,4,155.4,621.6
ITEM00238_3,ORD00238,PROD0030,1,203.17,203.17
ITEM00238_4,ORD00238,PROD0195,2,46.44,92.88
ITEM00239_1,ORD00239,PROD0134,3,369.39,1108.17
ITEM00239_2,ORD00239,PROD0180,1,383.5,383.5
ITEM00239_3,ORD00239,PROD0012,2,225.37,450.74
ITEM00239_4,ORD00239,PROD0127,2,266.12,532.24
ITEM00239_5,ORD00239,PROD0184,4,155.4,621.6
ITEM00240_1,ORD00240,PROD0056,4,18.55,74.2
ITEM00240_2,ORD00240,PROD0049,3,189.22,567.66
ITEM00240_3,ORD00240,PROD0028,4,134.08,536.32
ITEM00240_4,ORD00240,PROD0012,5,225.37,1126.85
ITEM00241_1,ORD00241,PROD0128,1,146.53,146.53
ITEM00241_2,ORD00241,PROD0136,1,37.13,37.13
ITEM00242_1,ORD00242,PROD0045,2,217.14,434.28
ITEM00242_2,ORD00242,PROD0027,4,101.08,404.32
ITEM00242_3,ORD00242,PROD0169,5,185.06,925.3
ITEM00242_4,ORD00242,PROD0156,3,122.9,368.7
ITEM00242_5,ORD00242,PROD0130,4,339.6,1358.4
ITEM00243_1,ORD00243,PROD0116,2,356.35,712.7
ITEM00243_2,ORD00243,PROD0036,4,280.14,1120.56
ITEM00243_3,ORD00243,PROD0155,5,234.54,1172.7
ITEM00244_1,ORD00244,PROD0052,2,259.18,518.36
ITEM00244_2,ORD00244,PROD0160,3,164.34,493.02
ITEM00245_1,ORD00245,PROD0139,3,131.53,394.59
ITEM00245_2,ORD00245,PROD0182,1,25.26,25.26
ITEM00245_3,ORD00245,PROD0195,3,46.44,139.32
ITEM00245_4,ORD00245,PROD0144,4,304.42,1217.68
ITEM00245_5,ORD00245,PROD0150,5,13.0,65.0
ITEM00246_1,ORD00246,PROD0134,1,369.39,369.39
ITEM00247_1,ORD00247,PROD0069,2,301.15,602.3
ITEM00247_2,ORD00247,PROD0074,3,219.25,657.75
ITEM00248_1,ORD00248,PROD0009,3,61.09,183.27
ITEM00248_2,ORD00248,PROD0116,1,356.35,356.35
ITEM00248_3,ORD00248,PROD0158,5,44.36,221.8
ITEM00248_4,ORD00248,PROD0058,5,365.13,1825.65
ITEM00248_5,ORD00248,PROD0100,2,149.7,299.4
ITEM00249_1,ORD00249,PROD0142,1,116.11,116.11
ITEM00249_2,ORD00249,PROD0004,3,136.07,408.21
ITEM00249_3,ORD00249,PROD0052,5,259.18,1295.9
ITEM00250_1,ORD00250,PROD0194,5,327.13,1635.65
ITEM00250_2,ORD00250,PROD0140,5,242.52,1212.6
ITEM00250_3,ORD00250,PROD0051,2,38.8,77.6
ITEM00251_1,ORD00251,PROD0045,5,217.14,1085.7
ITEM00251_2,ORD00251,PROD0031,4,386.48,1545.92
ITEM00252_1,ORD00252,PROD0150,3,13.0,39.0
ITEM00252_2,ORD00252,PROD0002,3,122.39,367.17
ITEM00253_1,ORD00253,PROD0014,5,204.36,1021.8
ITEM00253_2,ORD00253,PROD0170,3,136.04,408.12
ITEM00253_3,ORD00253,PROD0126,5,50.39,251.95
ITEM00253_4,ORD00253,PROD0141,3,71.38,214.14
ITEM00253_5,ORD00253,PROD0019,3,117.73,353.19
ITEM00254_1,ORD00254,PROD0107,5,399.44,1997.2
ITEM00254_2,ORD00254,PROD0138,4,173.72,694.88
ITEM00255_1,ORD00255,PROD0085,3,355.3,1065.9
ITEM00255_2,ORD00255,PROD0076,2,52.24,104.48
ITEM00255_3,ORD00255,PROD0193,5,227.97,1139.85
ITEM00256_1,ORD00256,PROD0115,2,291.12,582.24
ITEM00256_2,ORD00256,PROD0165,5,102.13,510.65
ITEM00256_3,ORD00256,PROD0160,2,164.34,328.68
ITEM00257_1,ORD00257,PROD0066,5,61.53,307.65
ITEM00257_2,ORD00257,PROD0186,3,317.79,953.37
ITEM00257_3,ORD00257,PROD0007,5,151.08,755.4
ITEM00257_4,ORD00257,PROD0198,3,84.87,254.61
ITEM00258_1,ORD00258,PROD0083,5,154.68,773.4
ITEM00258_2,ORD00258,PROD0022,1,336.61,336.61
ITEM00259_1,ORD00259,PROD0172,2,320.56,641.12
ITEM00259_2,ORD00259,PROD0176,4,249.84,999.36
ITEM00260_1,ORD00260,PROD0166,1,77.65,77.65
ITEM00260_2,ORD00260,PROD0192,2,60.28,120.56
ITEM00260_3,ORD00260,PROD0007,4,151.08,604.32
ITEM00260_4,ORD00260,PROD0184,3,155.4,466.2
ITEM00261_1,ORD00261,PROD0019,5,117.73,588.65
ITEM00261_2,ORD00261,PROD0059,3,312.53,937.59
ITEM00261_3,ORD00261,PROD0105,4,96.39,385.56
ITEM00261_4,ORD00261,PROD0116,4,356.35,1425.4
ITEM00261_5,ORD00261,PROD0111,3,256.89,770.67
ITEM00262_1,ORD00262,PROD0017,5,66.4,332.0
ITEM00262_2,ORD00262,PROD0012,1,225.37,225.37
ITEM00262_3,ORD00262,PROD0092,5,388.72,1943.6
ITEM00262_4,ORD00262,PROD0028,3,134.08,402.24
ITEM00262_5,ORD00262,PROD0176,3,249.84,749.52
ITEM00263_1,ORD00263,PROD0122,2,226.97,453.94
ITEM00264_1,ORD00264,PROD0163,2,85.61,171.22
ITEM00264_2,ORD00264,PROD0077,3,251.61,754.83
ITEM00264_3,ORD00264,PROD0003,5,24.3,121.5
ITEM00265_1,ORD00265,PROD0138,5,173.72,868.6
ITEM00265_2,ORD00265,PROD0022,3,336.61,1009.83
ITEM00265_3,ORD00265,PROD0054,3,342.79,1028.37
ITEM00265_4,ORD00265,PROD0055,4,233.04,932.16
ITEM00266_1,ORD00266,PROD0030,2,203.17,406.34
ITEM00266_2,ORD00266,PROD0172,5,320.56,1602.8
ITEM00267_1,ORD00267,PROD0172,1,320.56,320.56
ITEM00267_2,ORD00267,PROD0065,1,137.41,137.41
ITEM00267_3,ORD00267,PROD0051,5,38.8,194.0
ITEM00268_1,ORD00268,PROD0026,3,392.49,1177.47
ITEM00268_2,ORD00268,PROD0159,1,179.9,179.9
ITEM00269_1,ORD00269,PROD0178,5,185.39,926.95
ITEM00269_2,ORD00269,PROD0040,5,101.55,507.75
ITEM00269_3,ORD00269,PROD0146,3,199.78,599.34
ITEM00270_1,ORD00270,PROD0183,4,214.38,857.52
ITEM00270_2,ORD00270,PROD0071,3,345.44,1036.32
ITEM00271_1,ORD00271,PROD0125,5,387.67,1938.35
ITEM00271_2,ORD00271,PROD0028,2,134.08,268.16
ITEM00271_3,ORD00271,PROD0166,5,77.65,388.25
ITEM00272_1,ORD00272,PROD0188,1,120.81,120.81
ITEM00272_2,ORD00272,PROD0187,1,138.57,138.57
ITEM00272_3,ORD00272,PROD0005,5,331.71,1658.55
ITEM00273_1,ORD00273,PROD0010,5,57.35,286.75
ITEM00273_2,ORD00273,PROD0067,5,217.02,1085.1
ITEM00274_1,ORD00274,PROD0035,4,193.09,772.36
ITEM00274_2,ORD00274,PROD0129,5,307.41,1537.05
ITEM00274_3,ORD00274,PROD0024,4,144.59,578.36
ITEM00275_1,ORD00275,PROD0194,5,327.13,1635.65
ITEM00275_2,ORD00275,PROD0036,4,280.14,1120.56
ITEM00276_1,ORD00276,PROD0189,4,350.57,1402.28
ITEM00276_2,ORD00276,PROD0092,1,388.72,388.72
ITEM00277_1,ORD00277,PROD0011,2,286.81,573.62
ITEM00277_2,ORD00277,PROD0133,3,21.28,63.84
ITEM00278_1,ORD00278,PROD0027,5,101.08,505.4
ITEM00278_2,ORD00278,PROD0163,3,85.61,256.83
ITEM00278_3,ORD00278,PROD0190,3,268.8,806.4
ITEM00279_1,ORD00279,PROD0133,3,21.28,63.84
ITEM00280_1,ORD00280,PROD0124,5,350.7,1753.5
ITEM00280_2,ORD00280,PROD0002,5,122.39,611.95
ITEM00280_3,ORD00280,PROD0036,4,280.14,1120.56
ITEM00280_4,ORD00280,PROD0043,2,27.93,55.86
ITEM00281_1,ORD00281,PROD0041,3,301.23,903.69
ITEM00281_2,ORD00281,PROD0155,1,234.54,234.54
ITEM00282_1,ORD00282,PROD0123,2,138.55,277.1
ITEM00282_2,ORD00282,PROD0152,2,205.09,410.18
ITEM00282_3,ORD00282,PROD0166,4,77.65,310.6
ITEM00282_4,ORD00282,PROD0006,2,190.16,380.32
ITEM00283_1,ORD00283,PROD0011,5,286.81,1434.05
ITEM00283_2,ORD00283,PROD0038,1,382.1,382.1
ITEM00283_3,ORD00283,PROD0043,3,27.93,83.79
ITEM00283_4,ORD00283,PROD0047,5,251.68,1258.4
ITEM00283_5,ORD00283,PROD0104,5,210.15,1050.75
ITEM00284_1,ORD00284,PROD0124,2,350.7,701.4
ITEM00284_2,ORD00284,PROD0057,4,117.04,468.16
ITEM00284_3,ORD00284,PROD0154,2,180.12,360.24
ITEM00284_4,ORD00284,PROD0150,2,13.0,26.0
ITEM00285_1,ORD00285,PROD0152,1,205.09,205.09
ITEM00285_2,ORD00285,PROD0059,4,312.53,1250.12
ITEM00285_3,ORD00285,PROD0099,2,267.8,535.6
ITEM00285_4,ORD00285,PROD0028,1,134.08,134.08
ITEM00285_5,ORD00285,PROD0052,5,259.18,1295.9
ITEM00286_1,ORD00286,PROD0154,1,180.12,180.12
ITEM00286_2,ORD00286,PROD0137,5,45.78,228.9
ITEM00286_3,ORD00286,PROD0193,1,227.97,227.97
ITEM00286_4,ORD00286,PROD0024,4,144.59,578.36
ITEM00286_5,ORD00286,PROD0169,2,185.06,370.12
ITEM00287_1,ORD00287,PROD0110,2,67.84,135.68
ITEM00287_2,ORD00287,PROD0124,4,350.7,1402.8
ITEM00287_3,ORD00287,PROD0090,5,165.26,826.3
ITEM00287_4,ORD00287,PROD0190,5,268.8,1344.0
ITEM00287_5,ORD00287,PROD0026,4,392.49,1569.96
ITEM00288_1,ORD00288,PROD0154,5,180.12,900.6
ITEM00288_2,ORD00288,PROD0105,3,96.39,289.17
ITEM00288_3,ORD00288,PROD0049,1,189.22,189.22
ITEM00289_1,ORD00289,PROD0168,2,190.93,381.86
ITEM00289_2,ORD00289,PROD0177,3,236.32,708.96
ITEM00289_3,ORD00289,PROD0105,3,96.39,289.17
ITEM00289_4,ORD00289,PROD0028,2,134.08,268.16
ITEM00290_1,ORD00290,PROD0145,3,53.24,159.72
ITEM00290_2,ORD00290,PROD0157,3,77.02,231.06
ITEM00290_3,ORD00290,PROD0175,4,39.92,159.68
ITEM00290_4,ORD00290,PROD0194,2,327.13,654.26
ITEM00291_1,ORD00291,PROD0143,4,246.75,987.0
ITEM00291_2,ORD00291,PROD0065,3,137.41,412.23
ITEM00291_3,ORD00291,PROD0148,3,89.72,269.16
ITEM00291_4,ORD00291,PROD0199,4,125.35,501.4
ITEM00291_5,ORD00291,PROD0189,2,350.57,701.14
ITEM00292_1,ORD00292,PROD0055,5,233.04,1165.2
ITEM00293_1,ORD00293,PROD0042,4,183.02,732.08
ITEM00294_1,ORD00294,PROD0023,1,347.44,347.44
ITEM00294_2,ORD00294,PROD0068,2,110.21,220.42
ITEM00294_3,ORD00294,PROD0095,1,90.78,90.78
ITEM00294_4,ORD00294,PROD0156,1,122.9,122.9
ITEM00295_1,ORD00295,PROD0015,2,285.1,570.2
ITEM00295_2,ORD00295,PROD0164,4,293.67,1174.68
ITEM00295_3,ORD00295,PROD0113,1,186.94,186.94
ITEM00295_4,ORD00295,PROD0052,5,259.18,1295.9
ITEM00295_5,ORD00295,PROD0074,2,219.25,438.5
ITEM00296_1,ORD00296,PROD0173,1,207.85,207.85
ITEM00296_2,ORD00296,PROD0093,2,104.98,209.96
ITEM00297_1,ORD00297,PROD0172,4,320.56,1282.24
ITEM00297_2,ORD00297,PROD0104,5,210.15,1050.75
ITEM00297_3,ORD00297,PROD0052,5,259.18,1295.9
ITEM00298_1,ORD00298,PROD0150,3,13.0,39.0
ITEM00298_2,ORD00298,PROD0089,3,361.65,1084.95
ITEM00298_3,ORD00298,PROD0058,5,365.13,1825.65
ITEM00298_4,ORD00298,PROD0050,4,361.46,1445.84
ITEM00298_5,ORD00298,PROD0104,5,210.15,1050.75
ITEM00299_1,ORD00299,PROD0019,5,117.73,588.65
ITEM00299_2,ORD00299,PROD0076,3,52.24,156.72
ITEM00299_3,ORD00299,PROD0030,5,203.17,1015.85
ITEM00299_4,ORD00299,PROD0066,5,61.53,307.65
ITEM00299_5,ORD00299,PROD0148,3,89.72,269.16
ITEM00300_1,ORD00300,PROD0199,4,125.35,501.4
ITEM00300_2,ORD00300,PROD0175,4,39.92,159.68
ITEM00300_3,ORD00300,PROD0151,1,60.37,60.37
